shot,start_frame,end_frame,frames,start_time_s,timecode,beat_index,transition_in,camera_move,phase
1,0,47,48,0.0,00:00:00:00,0,grid_zoom,push_in,A
2,48,83,36,2.0,00:00:02:00,4,cut,drift,A
3,84,119,36,3.5,00:00:03:12,7,cut,push_in_slow,A
4,120,155,36,5.0,00:00:05:00,10,match_cut,push_in,B
5,156,179,24,6.5,00:00:06:12,13,light_leak,slide_left,B
6,180,215,36,7.5,00:00:07:12,15,cut,orbit,B
7,216,239,24,9.0,00:00:09:00,18,whip,push_in,Cn
8,240,263,24,10.0,00:00:10:00,20,cut,slide_right,B
9,264,287,24,11.0,00:00:11:00,22,light_leak,pull_out,B
10,288,299,12,12.0,00:00:12:00,24,cut,push_in,C
11,300,311,12,12.5,00:00:12:12,25,cut,slide_left,C
12,312,335,24,13.0,00:00:13:00,26,whip,slide_right,C
13,336,359,24,14.0,00:00:14:00,28,cut,push_in,C
14,360,371,12,15.0,00:00:15:00,30,cut,drift,C
15,372,383,12,15.5,00:00:15:12,31,whip,orbit,Cn
16,384,407,24,16.0,00:00:16:00,32,cut,slide_left,C
17,408,419,12,17.0,00:00:17:00,34,cut,push_in,C
18,420,431,12,17.5,00:00:17:12,35,cut,pull_out,C
19,432,455,24,18.0,00:00:18:00,36,light_leak,drift,C
20,456,467,12,19.0,00:00:19:00,38,cut,push_in,C
21,468,479,12,19.5,00:00:19:12,39,cut,slide_right,C
22,480,491,12,20.0,00:00:20:00,40,cut,push_in,C
23,492,527,36,20.5,00:00:20:12,41,light_leak,sweep,C
24,528,539,12,22.0,00:00:22:00,44,whip,push_in,Cn
25,540,563,24,22.5,00:00:22:12,45,cut,pull_out,C
26,564,599,36,23.5,00:00:23:12,47,light_leak,push_in,C
27,600,659,60,25.0,00:00:25:00,50,cut,push_in_slowest,D
28,660,719,60,27.5,00:00:27:12,55,cut,grid_pullback,D
